codigo_ibge,uf,cidade,orgao,regiao_id,regiao_nome,confianca
5103502,MT,DIAMANTINO,imea,medio_norte,Médio-Norte,alta
5106000,MT,NORTELÂNDIA,imea,centro_sul,Centro-Sul,alta
5108907,MT,NOVA MARINGÁ,imea,medio_norte,Médio-Norte,alta
5106224,MT,NOVA MUTUM,imea,medio_norte,Médio-Norte,alta
5107768,MT,SANTA RITA DO TRIVELATO,imea,medio_norte,Médio-Norte,alta
5107305,MT,SÃO JOSÉ DO RIO CLARO,imea,medio_norte,Médio-Norte,alta
5107958,MT,TANGARÁ DA SERRA,imea,oeste,Oeste,alta
5102678,MT,CAMPO VERDE,imea,sudeste,Sudeste,alta
5103403,MT,CUIABÁ,imea,centro_sul,Centro-Sul,alta
5103908,MT,GENERAL CARNEIRO,imea,sudeste,Sudeste,alta
5104807,MT,JACIARA,imea,sudeste,Sudeste,alta
5105200,MT,JUSCIMEIRA,imea,sudeste,Sudeste,alta
5106307,MT,PARANATINGA,imea,nordeste,Nordeste,alta
5107040,MT,PRIMAVERA DO LESTE,imea,sudeste,Sudeste,alta
5107792,MT,SANTO ANTÔNIO DO LESTE,imea,nordeste,Nordeste,alta
5108105,MT,TESOURO,imea,sudeste,Sudeste,alta
5108402,MT,VÁRZEA GRANDE,imea,centro_sul,Centro-Sul,alta
5100201,MT,ÁGUA BOA,imea,nordeste,Nordeste,alta
5100359,MT,ALTO BOA VISTA,imea,nordeste,Nordeste,alta
5101803,MT,BARRA DO GARÇAS,imea,nordeste,Nordeste,alta
5101852,MT,BOM JESUS DO ARAGUAIA,imea,nordeste,Nordeste,alta
5102702,MT,CANARANA,imea,nordeste,Nordeste,alta
5103106,MT,COCALINHO,imea,nordeste,Nordeste,alta
5103353,MT,CONFRESA,imea,nordeste,Nordeste,alta
5103858,MT,GAÚCHA DO NORTE,imea,nordeste,Nordeste,alta
5106257,MT,NOVA XAVANTINA,imea,nordeste,Nordeste,alta
5106778,MT,PORTO ALEGRE DO NORTE,imea,nordeste,Nordeste,alta
5107065,MT,QUERÊNCIA,imea,nordeste,Nordeste,alta
5107180,MT,RIBEIRÃO CASCALHEIRA,imea,nordeste,Nordeste,alta
5107743,MT,SANTA CRUZ DO XINGU,imea,nordeste,Nordeste,alta
5107776,MT,SANTA TEREZINHA,imea,nordeste,Nordeste,alta
5107859,MT,SÃO FÉLIX DO ARAGUAIA,imea,nordeste,Nordeste,alta
5107354,MT,SÃO JOSÉ DO XINGU,imea,nordeste,Nordeste,alta
5108204,MT,TORIXORÉU,imea,sudeste,Sudeste,alta
5108600,MT,VILA RICA,imea,nordeste,Nordeste,alta
5100300,MT,ALTO ARAGUAIA,imea,sudeste,Sudeste,alta
5100409,MT,ALTO GARÇAS,imea,sudeste,Sudeste,alta
5100607,MT,ALTO TAQUARI,imea,sudeste,Sudeste,alta
5104609,MT,ITIQUIRA,imea,sudeste,Sudeste,alta
5106372,MT,PEDRA PRETA,imea,sudeste,Sudeste,alta
5107602,MT,RONDONÓPOLIS,imea,sudeste,Sudeste,alta
5100250,MT,ALTA FLORESTA,imea,norte,Norte,alta
5102793,MT,CARLINDA,imea,norte,Norte,alta
5103056,MT,CLÁUDIA,imea,medio_norte,Médio-Norte,alta
5103205,MT,COLÍDER,imea,norte,Norte,alta
5103700,MT,FELIZ NATAL,imea,medio_norte,Médio-Norte,alta
5104104,MT,GUARANTÃ DO NORTE,imea,norte,Norte,alta
5105580,MT,MARCELÂNDIA,imea,norte,Norte,alta
5105606,MT,MATUPÁ,imea,norte,Norte,alta
5106158,MT,NOVA BANDEIRANTES,imea,norte,Norte,alta
5106216,MT,NOVA CANAÃ DO NORTE,imea,norte,Norte,alta
5108808,MT,NOVA GUARITA,imea,norte,Norte,alta
5108956,MT,NOVA MONTE VERDE,imea,norte,Norte,alta
5106190,MT,NOVA SANTA HELENA,imea,norte,Norte,alta
5106265,MT,NOVO MUNDO,imea,norte,Norte,alta
5106299,MT,PARANAÍTA,imea,norte,Norte,alta
5106802,MT,PORTO DOS GAÚCHOS,imea,norte,Norte,alta
5107248,MT,SANTA CARMEM,imea,medio_norte,Médio-Norte,alta
5107909,MT,SINOP,imea,medio_norte,Médio-Norte,alta
5107941,MT,TABAPORÃ,imea,norte,Norte,alta
5108055,MT,TERRA NOVA DO NORTE,imea,norte,Norte,alta
5108303,MT,UNIÃO DO SUL,imea,medio_norte,Médio-Norte,alta
5108501,MT,VERA,imea,medio_norte,Médio-Norte,alta
5101837,MT,BOA ESPERANÇA DO NORTE,imea,medio_norte,Médio-Norte,alta
5104526,MT,IPIRANGA DO NORTE,imea,medio_norte,Médio-Norte,alta
5104542,MT,ITANHANGÁ,imea,medio_norte,Médio-Norte,alta
5105259,MT,LUCAS DO RIO VERDE,imea,medio_norte,Médio-Norte,alta
5106240,MT,NOVA UBIRATÃ,imea,medio_norte,Médio-Norte,alta
5107925,MT,SORRISO,imea,medio_norte,Médio-Norte,alta
5108006,MT,TAPURAH,imea,medio_norte,Médio-Norte,alta
5101902,MT,BRASNORTE,imea,noroeste,Noroeste,alta
5102637,MT,CAMPO NOVO DO PARECIS,imea,oeste,Oeste,alta
5102686,MT,CAMPOS DE JÚLIO,imea,oeste,Oeste,alta
5103304,MT,COMODORO,imea,oeste,Oeste,alta
5105150,MT,JUÍNA,imea,norte,Norte,alta
5106752,MT,PONTES E LACERDA,imea,oeste,Oeste,alta
5107875,MT,SAPEZAL,imea,oeste,Oeste,alta
5105507,MT,VILA BELA DA SANTÍSSIMA TRINDADE,imea,oeste,Oeste,alta
4304705,RS,CARAZINHO,emater,passo_fundo,Passo Fundo,alta
4305603,RS,COLORADO,emater,ijui,Ijuí,conferir
4305850,RS,COQUEIROS DO SUL,emater,passo_fundo,Passo Fundo,alta
4312658,RS,NÃO-ME-TOQUE,emater,passo_fundo,Passo Fundo,alta
4316436,RS,SALDANHA MARINHO,emater,ijui,Ijuí,conferir
4317756,RS,SANTO ANTÔNIO DO PLANALTO,emater,passo_fundo,Passo Fundo,alta
4323200,RS,VICTOR GRAEFF,emater,passo_fundo,Passo Fundo,alta
4300901,RS,ARATIBA,emater,erechim,Erechim,alta
4301552,RS,ÁUREA,emater,erechim,Erechim,alta
4301701,RS,BARÃO DE COTEGIPE,emater,erechim,Erechim,alta
4301800,RS,BARRACÃO,emater,erechim,Erechim,alta
4302055,RS,BENJAMIN CONSTANT DO SUL,emater,erechim,Erechim,alta
4303202,RS,CACIQUE DOBLE,emater,erechim,Erechim,alta
4303806,RS,CAMPINAS DO SUL,emater,erechim,Erechim,alta
4304853,RS,CARLOS GOMES,emater,erechim,Erechim,alta
4305116,RS,CENTENÁRIO,emater,erechim,Erechim,alta
4306130,RS,CRUZALTENSE,emater,erechim,Erechim,alta
4306973,RS,EREBANGO,emater,erechim,Erechim,alta
4307005,RS,ERECHIM,emater,erechim,Erechim,alta
4307203,RS,ERVAL GRANDE,emater,erechim,Erechim,alta
4307559,RS,ESTAÇÃO,emater,erechim,Erechim,alta
4308052,RS,FAXINALZINHO,emater,erechim,Erechim,alta
4308250,RS,FLORIANO PEIXOTO,emater,erechim,Erechim,alta
4308706,RS,GAURAMA,emater,erechim,Erechim,alta
4308904,RS,GETÚLIO VARGAS,emater,erechim,Erechim,alta
4310462,RS,IPIRANGA DO SUL,emater,erechim,Erechim,alta
4310702,RS,ITATIBA DO SUL,emater,erechim,Erechim,alta
4310900,RS,JACUTINGA,emater,erechim,Erechim,alta
4311700,RS,MACHADINHO,emater,erechim,Erechim,alta
4311908,RS,MARCELINO RAMOS,emater,erechim,Erechim,alta
4312005,RS,MARIANO MORO,emater,erechim,Erechim,alta
4312203,RS,MAXIMILIANO DE ALMEIDA,emater,erechim,Erechim,alta
4313607,RS,PAIM FILHO,emater,erechim,Erechim,alta
4314134,RS,PAULO BENTO,emater,erechim,Erechim,alta
4314787,RS,PONTE PRETA,emater,erechim,Erechim,alta
4315313,RS,QUATRO IRMÃOS,emater,erechim,Erechim,alta
4317954,RS,SANTO EXPEDITO DO SUL,emater,erechim,Erechim,alta
4318424,RS,SÃO JOÃO DA URTIGA,emater,erechim,Erechim,alta
4318606,RS,SÃO JOSÉ DO OURO,emater,erechim,Erechim,alta
4319703,RS,SÃO VALENTIM,emater,erechim,Erechim,alta
4320503,RS,SERTÃO,emater,erechim,Erechim,alta
4320602,RS,SEVERIANO DE ALMEIDA,emater,erechim,Erechim,alta
4321634,RS,TRÊS ARROIOS,emater,erechim,Erechim,alta
4322186,RS,TUPANCI DO SUL,emater,erechim,Erechim,alta
4322905,RS,VIADUTOS,emater,erechim,Erechim,alta
4300554,RS,ALTO ALEGRE,emater,soledade,Soledade,conferir
4301206,RS,ARROIO DO TIGRE,emater,soledade,Soledade,conferir
4302006,RS,BARROS CASSAL,emater,soledade,Soledade,conferir
4304101,RS,CAMPOS BORGES,emater,soledade,Soledade,conferir
4307054,RS,ERNESTINA,emater,soledade,Soledade,conferir
4307500,RS,ESPUMOSO,emater,soledade,Soledade,conferir
4307815,RS,ESTRELA VELHA,emater,soledade,Soledade,conferir
4308300,RS,FONTOURA XAVIER,emater,soledade,Soledade,conferir
4308458,RS,FORTALEZA DOS VALOS,emater,ijui,Ijuí,conferir
4309951,RS,IBIRAPUITÃ,emater,soledade,Soledade,conferir
4310009,RS,IBIRUBÁ,emater,ijui,Ijuí,conferir
4310876,RS,JACUIZINHO,emater,soledade,Soledade,conferir
4311270,RS,LAGOA DOS TRÊS CANTOS,emater,soledade,Soledade,conferir
4311254,RS,LAGOÃO,emater,soledade,Soledade,conferir
4312427,RS,MORMAÇO,emater,soledade,Soledade,conferir
4312674,RS,NICOLAU VERGUEIRO,emater,soledade,Soledade,conferir
4315354,RS,QUINZE DE NOVEMBRO,emater,ijui,Ijuí,conferir
4316451,RS,SALTO DO JACUÍ,emater,soledade,Soledade,conferir
4320305,RS,SELBACH,emater,ijui,Ijuí,conferir
4320701,RS,SOBRADINHO,emater,soledade,Soledade,conferir
4320800,RS,SOLEDADE,emater,soledade,Soledade,conferir
4321006,RS,TAPERA,emater,soledade,Soledade,conferir
4321469,RS,TIO HUGO,emater,soledade,Soledade,conferir
4322152,RS,TUNAS,emater,soledade,Soledade,conferir
4300208,RS,AJURICABA,emater,ijui,Ijuí,alta
4302584,RS,BOZANO,emater,ijui,Ijuí,alta
4305009,RS,CATUÍPE,emater,ijui,Ijuí,alta
4305405,RS,CHIAPETTA,emater,ijui,Ijuí,alta
4305702,RS,CONDOR,emater,ijui,Ijuí,alta
4305871,RS,CORONEL BARROS,emater,ijui,Ijuí,alta
4310207,RS,IJUÍ,emater,ijui,Ijuí,alta
4313334,RS,NOVA RAMADA,emater,ijui,Ijuí,alta
4313904,RS,PANAMBI,emater,ijui,Ijuí,alta
4316709,RS,SANTA BÁRBARA DO SUL,emater,ijui,Ijuí,alta
4301503,RS,AUGUSTO PESTANA,emater,ijui,Ijuí,alta
4302220,RS,BOA VISTA DO CADEADO,emater,ijui,Ijuí,conferir
4302238,RS,BOA VISTA DO INCRA,emater,ijui,Ijuí,conferir
4306106,RS,CRUZ ALTA,emater,ijui,Ijuí,conferir
4306932,RS,ENTRE-IJUÍS,emater,ijui,Ijuí,conferir
4307831,RS,EUGÊNIO DE CASTRO,emater,ijui,Ijuí,conferir
4311106,RS,JAGUARI,emater,santa_maria,Santa Maria,conferir
4311130,RS,JARI,emater,santa_maria,Santa Maria,conferir
4311155,RS,JÓIA,emater,ijui,Ijuí,conferir
4311205,RS,JÚLIO DE CASTILHOS,emater,santa_maria,Santa Maria,conferir
4313037,RS,NOVA ESPERANÇA DO SUL,emater,santa_maria,Santa Maria,conferir
4314308,RS,PEJUÇARA,emater,santa_maria,Santa Maria,conferir
4314472,RS,PINHAL GRANDE,emater,santa_maria,Santa Maria,conferir
4315321,RS,QUEVEDOS,emater,santa_maria,Santa Maria,conferir
4317400,RS,SANTIAGO,emater,santa_maria,Santa Maria,conferir
4318101,RS,SÃO FRANCISCO DE ASSIS,emater,santa_maria,Santa Maria,conferir
4319125,RS,SÃO MARTINHO DA SERRA,emater,santa_maria,Santa Maria,conferir
4319158,RS,SÃO MIGUEL DAS MISSÕES,emater,santa_maria,Santa Maria,conferir
4322202,RS,TUPANCIRETÃ,emater,santa_maria,Santa Maria,conferir
4323754,RS,VITÓRIA DAS MISSÕES,emater,santa_maria,Santa Maria,conferir
4300661,RS,ANDRÉ DA ROCHA,emater,caxias_do_sul,Caxias do Sul,conferir
4302303,RS,BOM JESUS,emater,caxias_do_sul,Caxias do Sul,conferir
4303673,RS,CAMPESTRE DA SERRA,emater,caxias_do_sul,Caxias do Sul,conferir
4304622,RS,CAPÃO BONITO DO SUL,emater,caxias_do_sul,Caxias do Sul,conferir
4304903,RS,CASCA,emater,passo_fundo,Passo Fundo,conferir
4304952,RS,CASEIROS,emater,passo_fundo,Passo Fundo,conferir
4305504,RS,CIRÍACO,emater,passo_fundo,Passo Fundo,conferir
4306304,RS,DAVID CANABARRO,emater,passo_fundo,Passo Fundo,conferir
4307401,RS,ESMERALDA,emater,caxias_do_sul,Caxias do Sul,conferir
4308607,RS,GARIBALDI,emater,caxias_do_sul,Caxias do Sul,conferir
4309258,RS,GUABIJU,emater,caxias_do_sul,Caxias do Sul,conferir
4309407,RS,GUAPORÉ,emater,caxias_do_sul,Caxias do Sul,conferir
4309902,RS,IBIRAIARAS,emater,caxias_do_sul,Caxias do Sul,conferir
4310439,RS,IPÊ,emater,caxias_do_sul,Caxias do Sul,conferir
4310579,RS,ITAPUCA,emater,caxias_do_sul,Caxias do Sul,conferir
4311304,RS,LAGOA VERMELHA,emater,caxias_do_sul,Caxias do Sul,conferir
4312351,RS,MONTAURI,emater,caxias_do_sul,Caxias do Sul,conferir
4312617,RS,MUITOS CAPÕES,emater,caxias_do_sul,Caxias do Sul,conferir
4312625,RS,MULITERNO,emater,caxias_do_sul,Caxias do Sul,conferir
4312807,RS,NOVA ARAÇÁ,emater,caxias_do_sul,Caxias do Sul,conferir
4313300,RS,NOVA PRATA,emater,caxias_do_sul,Caxias do Sul,conferir
4314001,RS,PARAÍ,emater,caxias_do_sul,Caxias do Sul,conferir
4314464,RS,PINHAL DA SERRA,emater,caxias_do_sul,Caxias do Sul,conferir
4315172,RS,PROTÁSIO ALVES,emater,caxias_do_sul,Caxias do Sul,conferir
4318051,RS,SÃO DOMINGOS DO SUL,emater,caxias_do_sul,Caxias do Sul,conferir
4318200,RS,SÃO FRANCISCO DE PAULA,emater,caxias_do_sul,Caxias do Sul,conferir
4318440,RS,SÃO JORGE,emater,caxias_do_sul,Caxias do Sul,conferir
4318622,RS,SÃO JOSÉ DOS AUSENTES,emater,caxias_do_sul,Caxias do Sul,conferir
4320404,RS,SERAFINA CORRÊA,emater,caxias_do_sul,Caxias do Sul,conferir
4322350,RS,UNIÃO DA SERRA,emater,caxias_do_sul,Caxias do Sul,conferir
4322509,RS,VACARIA,emater,caxias_do_sul,Caxias do Sul,conferir
4322558,RS,VANINI,emater,caxias_do_sul,Caxias do Sul,conferir
4322806,RS,VERANÓPOLIS,emater,caxias_do_sul,Caxias do Sul,conferir
4323606,RS,VISTA ALEGRE DO PRATA,emater,caxias_do_sul,Caxias do Sul,conferir
4300059,RS,ÁGUA SANTA,emater,passo_fundo,Passo Fundo,alta
4303558,RS,CAMARGO,emater,passo_fundo,Passo Fundo,alta
4305371,RS,CHARRUA,emater,erechim,Erechim,conferir
4305975,RS,COXILHA,emater,passo_fundo,Passo Fundo,alta
4308854,RS,GENTIL,emater,passo_fundo,Passo Fundo,alta
4309803,RS,IBIAÇÁ,emater,erechim,Erechim,conferir
4311809,RS,MARAU,emater,passo_fundo,Passo Fundo,alta
4312138,RS,MATO CASTELHANO,emater,passo_fundo,Passo Fundo,alta
4312757,RS,NOVA ALVORADA,emater,passo_fundo,Passo Fundo,alta
4314100,RS,PASSO FUNDO,emater,passo_fundo,Passo Fundo,alta
4316600,RS,SANANDUVA,emater,erechim,Erechim,conferir
4316733,RS,SANTA CECÍLIA DO SUL,emater,erechim,Erechim,conferir
4317558,RS,SANTO ANTÔNIO DO PALMA,emater,passo_fundo,Passo Fundo,alta
4320909,RS,TAPEJARA,emater,passo_fundo,Passo Fundo,alta
4323358,RS,VILA LÂNGARO,emater,passo_fundo,Passo Fundo,alta
4323408,RS,VILA MARIA,emater,passo_fundo,Passo Fundo,alta
4300034,RS,ACEGUÁ,emater,bage,Bagé,alta
4301305,RS,ARROIO GRANDE,emater,pelotas,Pelotas,alta
4301602,RS,BAGÉ,emater,bage,Bagé,alta
4304358,RS,CANDIOTA,emater,bage,Bagé,alta
4304507,RS,CANGUÇU,emater,pelotas,Pelotas,alta
4304663,RS,CAPÃO DO LEÃO,emater,pelotas,Pelotas,alta
4306601,RS,DOM PEDRITO,emater,bage,Bagé,alta
4311007,RS,JAGUARÃO,emater,pelotas,Pelotas,alta
4314175,RS,PEDRAS ALTAS,emater,bage,Bagé,alta
4314407,RS,PELOTAS,emater,pelotas,Pelotas,alta
4314506,RS,PINHEIRO MACHADO,emater,bage,Bagé,conferir
4314605,RS,PIRATINI,emater,pelotas,Pelotas,alta
4317301,RS,SANTA VITÓRIA DO PALMAR,emater,pelotas,Pelotas,alta
4322327,RS,TURUÇU,emater,pelotas,Pelotas,alta
4300703,RS,ANTA GORDA,emater,lajeado,Lajeado,alta
4301404,RS,ARVOREZINHA,emater,lajeado,Lajeado,alta
4301909,RS,BARRA DO RIBEIRO,emater,porto_alegre,Porto Alegre,alta
4302709,RS,BUTIÁ,emater,porto_alegre,Porto Alegre,alta
4303509,RS,CAMAQUÃ,emater,porto_alegre,Porto Alegre,alta
4304200,RS,CANDELÁRIA,emater,lajeado,Lajeado,conferir
4304606,RS,CANOAS,emater,porto_alegre,Porto Alegre,alta
4304671,RS,CAPIVARI DO SUL,emater,porto_alegre,Porto Alegre,alta
4306056,RS,CRISTAL,emater,porto_alegre,Porto Alegre,alta
4306205,RS,CRUZEIRO DO SUL,emater,lajeado,Lajeado,alta
4306767,RS,ELDORADO DO SUL,emater,porto_alegre,Porto Alegre,alta
4306809,RS,ENCANTADO,emater,lajeado,Lajeado,alta
4307807,RS,ESTRELA,emater,porto_alegre,Porto Alegre,alta
4308805,RS,GENERAL CÂMARA,emater,porto_alegre,Porto Alegre,alta
4311403,RS,LAJEADO,emater,porto_alegre,Porto Alegre,alta
4312252,RS,MINAS DO LEÃO,emater,porto_alegre,Porto Alegre,alta
4313656,RS,PALMARES DO SUL,emater,porto_alegre,Porto Alegre,alta
4314076,RS,PASSO DO SOBRADO,emater,porto_alegre,Porto Alegre,alta
4314902,RS,PORTO ALEGRE,emater,porto_alegre,Porto Alegre,alta
4315602,RS,RIO GRANDE,emater,porto_alegre,Porto Alegre,alta
4316808,RS,SANTA CRUZ DO SUL,emater,porto_alegre,Porto Alegre,alta
4317608,RS,SANTO ANTÔNIO DA PATRULHA,emater,porto_alegre,Porto Alegre,alta
4318804,RS,SÃO LOURENÇO DO SUL,emater,porto_alegre,Porto Alegre,alta
4321451,RS,TEUTÔNIA,emater,porto_alegre,Porto Alegre,alta
4322525,RS,VALE VERDE,emater,porto_alegre,Porto Alegre,alta
4322608,RS,VENÂNCIO AIRES,emater,porto_alegre,Porto Alegre,alta
4322707,RS,VERA CRUZ,emater,porto_alegre,Porto Alegre,alta
4323002,RS,VIAMÃO,emater,porto_alegre,Porto Alegre,alta
4300109,RS,AGUDO,emater,santa_maria,Santa Maria,alta
4302808,RS,CAÇAPAVA DO SUL,emater,santa_maria,Santa Maria,alta
4302907,RS,CACEQUI,emater,santa_maria,Santa Maria,alta
4303004,RS,CACHOEIRA DO SUL,emater,santa_maria,Santa Maria,alta
4306379,RS,DILERMANDO DE AGUIAR,emater,santa_maria,Santa Maria,alta
4306700,RS,DONA FRANCISCA,emater,santa_maria,Santa Maria,alta
4306908,RS,ENCRUZILHADA DO SUL,emater,porto_alegre,Porto Alegre,conferir
4308003,RS,FAXINAL DO SOTURNO,emater,santa_maria,Santa Maria,alta
4308409,RS,FORMIGUEIRO,emater,santa_maria,Santa Maria,alta
4310538,RS,ITAARA,emater,santa_maria,Santa Maria,alta
4312104,RS,MATA,emater,santa_maria,Santa Maria,alta
4313102,RS,NOVA PALMA,emater,santa_maria,Santa Maria,alta
4313391,RS,NOVO CABRAIS,emater,santa_maria,Santa Maria,alta
4313953,RS,PANTANO GRANDE,emater,santa_maria,Santa Maria,alta
4315503,RS,RESTINGA SÊCA,emater,santa_maria,Santa Maria,alta
4315701,RS,RIO PARDO,emater,santa_maria,Santa Maria,alta
4316907,RS,SANTA MARIA,emater,santa_maria,Santa Maria,alta
4317004,RS,SANTANA DA BOA VISTA,emater,santa_maria,Santa Maria,alta
4318432,RS,SÃO JOÃO DO POLÊSINE,emater,santa_maria,Santa Maria,alta
4319406,RS,SÃO PEDRO DO SUL,emater,santa_maria,Santa Maria,alta
4319604,RS,SÃO SEPÉ,emater,santa_maria,Santa Maria,alta
4319802,RS,SÃO VICENTE DO SUL,emater,santa_maria,Santa Maria,alta
4321493,RS,TOROPI,emater,santa_maria,Santa Maria,alta
4300307,RS,ALECRIM,emater,santa_rosa,Santa Rosa,alta
4300455,RS,ALEGRIA,emater,santa_rosa,Santa Rosa,alta
4302204,RS,BOA VISTA DO BURICÁ,emater,santa_rosa,Santa Rosa,alta
4302378,RS,BOM PROGRESSO,emater,frederico_westphalen,Frederico Westphalen,conferir
4302600,RS,BRAGA,emater,frederico_westphalen,Frederico Westphalen,conferir
4303707,RS,CAMPINA DAS MISSÕES,emater,santa_rosa,Santa Rosa,alta
4304002,RS,CAMPO NOVO,emater,santa_rosa,Santa Rosa,alta
4304309,RS,CÂNDIDO GODÓI,emater,santa_rosa,Santa Rosa,alta
4305900,RS,CORONEL BICACO,emater,santa_rosa,Santa Rosa,alta
4306007,RS,CRISSIUMAL,emater,santa_rosa,Santa Rosa,alta
4306320,RS,DERRUBADAS,emater,frederico_westphalen,Frederico Westphalen,conferir
4306734,RS,DOUTOR MAURÍCIO CARDOSO,emater,santa_rosa,Santa Rosa,alta
4309001,RS,GIRUÁ,emater,santa_rosa,Santa Rosa,alta
4309605,RS,HORIZONTINA,emater,santa_rosa,Santa Rosa,alta
4309704,RS,HUMAITÁ,emater,santa_rosa,Santa Rosa,alta
4310405,RS,INDEPENDÊNCIA,emater,santa_rosa,Santa Rosa,alta
4310413,RS,INHACORÁ,emater,santa_rosa,Santa Rosa,alta
4312302,RS,MIRAGUAÍ,emater,santa_rosa,Santa Rosa,alta
4313011,RS,NOVA CANDELÁRIA,emater,santa_rosa,Santa Rosa,alta
4313425,RS,NOVO MACHADO,emater,santa_rosa,Santa Rosa,alta
4313706,RS,PALMEIRA DAS MISSÕES,emater,santa_rosa,Santa Rosa,alta
4315008,RS,PORTO LUCENA,emater,santa_rosa,Santa Rosa,alta
4315057,RS,PORTO MAUÁ,emater,santa_rosa,Santa Rosa,alta
4315404,RS,REDENTORA,emater,santa_rosa,Santa Rosa,alta
4317202,RS,SANTA ROSA,emater,santa_rosa,Santa Rosa,alta
4317806,RS,SANTO AUGUSTO,emater,santa_rosa,Santa Rosa,alta
4317905,RS,SANTO CRISTO,emater,santa_rosa,Santa Rosa,alta
4318499,RS,SÃO JOSÉ DO INHACORÁ,emater,santa_rosa,Santa Rosa,alta
4319109,RS,SÃO MARTINHO,emater,santa_rosa,Santa Rosa,alta
4319737,RS,SÃO VALÉRIO DO SUL,emater,santa_rosa,Santa Rosa,alta
4320230,RS,SEDE NOVA,emater,santa_rosa,Santa Rosa,alta
4320321,RS,SENADOR SALGADO FILHO,emater,santa_rosa,Santa Rosa,alta
4321402,RS,TENENTE PORTELA,emater,santa_rosa,Santa Rosa,alta
4321477,RS,TIRADENTES DO SUL,emater,santa_rosa,Santa Rosa,alta
4321808,RS,TRÊS DE MAIO,emater,santa_rosa,Santa Rosa,alta
4321907,RS,TRÊS PASSOS,emater,santa_rosa,Santa Rosa,alta
4322103,RS,TUCUNDUVA,emater,santa_rosa,Santa Rosa,alta
4322301,RS,TUPARENDI,emater,santa_rosa,Santa Rosa,alta
4322343,RS,UBIRETAMA,emater,santa_rosa,Santa Rosa,alta
4323705,RS,VISTA GAÚCHA,emater,santa_rosa,Santa Rosa,alta
4302501,RS,BOSSOROCA,emater,ijui,Ijuí,conferir
4303301,RS,CAIBATÉ,emater,ijui,Ijuí,conferir
4304655,RS,CAPÃO DO CIPÓ,emater,ijui,Ijuí,conferir
4305207,RS,CERRO LARGO,emater,santa_rosa,Santa Rosa,conferir
4306353,RS,DEZESSEIS DE NOVEMBRO,emater,ijui,Ijuí,conferir
4308656,RS,GARRUCHOS,emater,ijui,Ijuí,conferir
4309506,RS,GUARANI DAS MISSÕES,emater,santa_rosa,Santa Rosa,conferir
4312179,RS,MATO QUEIMADO,emater,ijui,Ijuí,conferir
4314555,RS,PIRAPÓ,emater,santa_rosa,Santa Rosa,conferir
4315958,RS,ROLADOR,emater,ijui,Ijuí,conferir
4316303,RS,ROQUE GONZALES,emater,santa_rosa,Santa Rosa,conferir
4316477,RS,SALVADOR DAS MISSÕES,emater,ijui,Ijuí,conferir
4317509,RS,SANTO ÂNGELO,emater,ijui,Ijuí,conferir
4317707,RS,SANTO ANTÔNIO DAS MISSÕES,emater,ijui,Ijuí,conferir
4318903,RS,SÃO LUIZ GONZAGA,emater,ijui,Ijuí,conferir
4319208,RS,SÃO NICOLAU,emater,ijui,Ijuí,conferir
4319307,RS,SÃO PAULO DAS MISSÕES,emater,ijui,Ijuí,conferir
4319372,RS,SÃO PEDRO DO BUTIÁ,emater,ijui,Ijuí,conferir
4320578,RS,SETE DE SETEMBRO,emater,ijui,Ijuí,conferir
4300406,RS,ALEGRETE,emater,bage,Bagé,alta
4310603,RS,ITAQUI,emater,bage,Bagé,conferir
4311502,RS,LAVRAS DO SUL,emater,bage,Bagé,alta
4311718,RS,MAÇAMBARÁ,emater,bage,Bagé,conferir
4311759,RS,MANOEL VIANA,emater,bage,Bagé,alta
4316402,RS,ROSÁRIO DO SUL,emater,bage,Bagé,conferir
4316972,RS,SANTA MARGARIDA DO SUL,emater,santa_maria,Santa Maria,conferir
4317103,RS,SANT'ANA DO LIVRAMENTO,emater,bage,Bagé,alta
4318002,RS,SÃO BORJA,emater,bage,Bagé,conferir
4318309,RS,SÃO GABRIEL,emater,santa_maria,Santa Maria,conferir
4322376,RS,UNISTALDA,emater,santa_maria,Santa Maria,conferir
4322400,RS,URUGUAIANA,emater,bage,Bagé,alta
4323457,RS,VILA NOVA DO SUL,emater,bage,Bagé,alta
4300471,RS,ALMIRANTE TAMANDARÉ DO SUL,emater,passo_fundo,Passo Fundo,conferir
4300505,RS,ALPESTRE,emater,frederico_westphalen,Frederico Westphalen,alta
4301958,RS,BARRA FUNDA,emater,passo_fundo,Passo Fundo,conferir
4302154,RS,BOA VISTA DAS MISSÕES,emater,frederico_westphalen,Frederico Westphalen,alta
4303400,RS,CAIÇARA,emater,frederico_westphalen,Frederico Westphalen,alta
4305157,RS,CERRO GRANDE,emater,frederico_westphalen,Frederico Westphalen,alta
4305306,RS,CHAPADA,emater,passo_fundo,Passo Fundo,conferir
4305801,RS,CONSTANTINA,emater,frederico_westphalen,Frederico Westphalen,alta
4306072,RS,CRISTAL DO SUL,emater,frederico_westphalen,Frederico Westphalen,alta
4306429,RS,DOIS IRMÃOS DAS MISSÕES,emater,frederico_westphalen,Frederico Westphalen,alta
4306924,RS,ENGENHO VELHO,emater,frederico_westphalen,Frederico Westphalen,alta
4306957,RS,ENTRE RIOS DO SUL,emater,frederico_westphalen,Frederico Westphalen,alta
4307302,RS,ERVAL SECO,emater,frederico_westphalen,Frederico Westphalen,alta
4308508,RS,FREDERICO WESTPHALEN,emater,frederico_westphalen,Frederico Westphalen,alta
4309126,RS,GRAMADO DOS LOUREIROS,emater,frederico_westphalen,Frederico Westphalen,alta
4310504,RS,IRAÍ,emater,frederico_westphalen,Frederico Westphalen,alta
4310850,RS,JABOTICABA,emater,frederico_westphalen,Frederico Westphalen,alta
4311429,RS,LAJEADO DO BUGRE,emater,frederico_westphalen,Frederico Westphalen,alta
4311601,RS,LIBERATO SALZANO,emater,frederico_westphalen,Frederico Westphalen,alta
4312708,RS,NONOAI,emater,frederico_westphalen,Frederico Westphalen,alta
4312955,RS,NOVA BOA VISTA,emater,passo_fundo,Passo Fundo,conferir
4313490,RS,NOVO BARREIRO,emater,frederico_westphalen,Frederico Westphalen,alta
4313441,RS,NOVO TIRADENTES,emater,frederico_westphalen,Frederico Westphalen,alta
4313466,RS,NOVO XINGU,emater,frederico_westphalen,Frederico Westphalen,alta
4313805,RS,PALMITINHO,emater,frederico_westphalen,Frederico Westphalen,alta
4314498,RS,PINHEIRINHO DO VALE,emater,frederico_westphalen,Frederico Westphalen,alta
4314704,RS,PLANALTO,emater,frederico_westphalen,Frederico Westphalen,alta
4314779,RS,PONTÃO,emater,frederico_westphalen,Frederico Westphalen,alta
4315552,RS,RIO DOS ÍNDIOS,emater,frederico_westphalen,Frederico Westphalen,alta
4315909,RS,RODEIO BONITO,emater,frederico_westphalen,Frederico Westphalen,alta
4316105,RS,RONDA ALTA,emater,frederico_westphalen,Frederico Westphalen,alta
4316204,RS,RONDINHA,emater,frederico_westphalen,Frederico Westphalen,alta
4316428,RS,SAGRADA FAMÍLIA,emater,frederico_westphalen,Frederico Westphalen,alta
4318457,RS,SÃO JOSÉ DAS MISSÕES,emater,frederico_westphalen,Frederico Westphalen,alta
4319364,RS,SÃO PEDRO DAS MISSÕES,emater,frederico_westphalen,Frederico Westphalen,alta
4320107,RS,SARANDI,emater,frederico_westphalen,Frederico Westphalen,alta
4320206,RS,SEBERI,emater,frederico_westphalen,Frederico Westphalen,alta
4321329,RS,TAQUARUÇU DO SUL,emater,frederico_westphalen,Frederico Westphalen,alta
4321857,RS,TRÊS PALMEIRAS,emater,frederico_westphalen,Frederico Westphalen,alta
4321956,RS,TRINDADE DO SUL,emater,frederico_westphalen,Frederico Westphalen,alta
4323101,RS,VICENTE DUTRA,emater,frederico_westphalen,Frederico Westphalen,alta
4100459,PR,ALTAMIRA DO PARANÁ,deral,pitanga,Pitanga,conferir
4101655,PR,ARAPUÃ,deral,ivaipora,Ivaiporã,conferir
4101705,PR,ARARUNA,deral,campo_mourao,Campo Mourão,alta
4102505,PR,BARBOSA FERRAZ,deral,campo_mourao,Campo Mourão,conferir
4103008,PR,BOA ESPERANÇA,deral,campo_mourao,Campo Mourão,alta
4103305,PR,BORRAZÓPOLIS,deral,ivaipora,Ivaiporã,conferir
4103909,PR,CAMPINA DA LAGOA,deral,campo_mourao,Campo Mourão,alta
4104303,PR,CAMPO MOURÃO,deral,campo_mourao,Campo Mourão,alta
4104402,PR,CÂNDIDO DE ABREU,deral,ivaipora,Ivaiporã,conferir
4106555,PR,CORUMBATAÍ DO SUL,deral,campo_mourao,Campo Mourão,conferir
4106852,PR,CRUZMALTINA,deral,ivaipora,Ivaiporã,conferir
4107504,PR,ENGENHEIRO BELTRÃO,deral,campo_mourao,Campo Mourão,alta
4107553,PR,FAROL,deral,campo_mourao,Campo Mourão,alta
4107702,PR,FÊNIX,deral,campo_mourao,Campo Mourão,alta
4108551,PR,GODOY MOREIRA,deral,campo_mourao,Campo Mourão,alta
4108601,PR,GOIOERÊ,deral,campo_mourao,Campo Mourão,alta
4110805,PR,IRETAMA,deral,campo_mourao,Campo Mourão,alta
4111506,PR,IVAIPORÃ,deral,campo_mourao,Campo Mourão,alta
4112207,PR,JANIÓPOLIS,deral,campo_mourao,Campo Mourão,alta
4112504,PR,JARDIM ALEGRE,deral,campo_mourao,Campo Mourão,alta
4112959,PR,JURANDA,deral,campo_mourao,Campo Mourão,alta
4113429,PR,LIDIANÓPOLIS,deral,campo_mourao,Campo Mourão,alta
4113734,PR,LUIZIANA,deral,campo_mourao,Campo Mourão,alta
4113759,PR,LUNARDELLI,deral,campo_mourao,Campo Mourão,alta
4114005,PR,MAMBORÊ,deral,campo_mourao,Campo Mourão,alta
4114500,PR,MANOEL RIBAS,deral,campo_mourao,Campo Mourão,alta
4116109,PR,MOREIRA SALES,deral,campo_mourao,Campo Mourão,alta
4116802,PR,NOVA CANTU,deral,campo_mourao,Campo Mourão,alta
4117271,PR,NOVA TEBAS,deral,campo_mourao,Campo Mourão,alta
4118808,PR,PEABIRU,deral,campo_mourao,Campo Mourão,alta
4120655,PR,QUARTO CENTENÁRIO,deral,campo_mourao,Campo Mourão,alta
4121109,PR,QUINTA DO SOL,deral,campo_mourao,Campo Mourão,alta
4121356,PR,RANCHO ALEGRE D'OESTE,deral,campo_mourao,Campo Mourão,alta
4122503,PR,RONCADOR,deral,campo_mourao,Campo Mourão,alta
4125001,PR,SÃO JOÃO DO IVAÍ,deral,campo_mourao,Campo Mourão,alta
4127908,PR,TUNEIRAS DO OESTE,deral,campo_mourao,Campo Mourão,alta
4128005,PR,UBIRATÃ,deral,campo_mourao,Campo Mourão,alta
4101309,PR,ANTÔNIO OLINTO,deral,uniao_da_vitoria,União da Vitória,conferir
4101804,PR,ARAUCÁRIA,deral,curitiba,Curitiba,alta
4102307,PR,BALSA NOVA,deral,curitiba,Curitiba,conferir
4102901,PR,BITURUNA,deral,uniao_da_vitoria,União da Vitória,conferir
4104105,PR,CAMPO DO TENENTE,deral,curitiba,Curitiba,conferir
4106209,PR,CONTENDA,deral,curitiba,Curitiba,conferir
4106902,PR,CURITIBA,deral,curitiba,Curitiba,alta
4113205,PR,LAPA,deral,curitiba,Curitiba,alta
4113908,PR,MALLET,deral,irati,Irati,conferir
4114302,PR,MANDIRITUBA,deral,curitiba,Curitiba,conferir
4118204,PR,PARANAGUÁ,deral,paranagua,Paranaguá,alta
4118600,PR,PAULA FREITAS,deral,uniao_da_vitoria,União da Vitória,conferir
4118709,PR,PAULO FRONTIN,deral,uniao_da_vitoria,União da Vitória,conferir
4121208,PR,QUITANDINHA,deral,curitiba,Curitiba,conferir
4121505,PR,REBOUÇAS,deral,irati,Irati,conferir
4122008,PR,RIO AZUL,deral,irati,Irati,conferir
4122305,PR,RIO NEGRO,deral,curitiba,Curitiba,conferir
4125100,PR,SÃO JOÃO DO TRIUNFO,deral,curitiba,Curitiba,conferir
4125605,PR,SÃO MATEUS DO SUL,deral,uniao_da_vitoria,União da Vitória,conferir
4127601,PR,TIJUCAS DO SUL,deral,curitiba,Curitiba,conferir
4128203,PR,UNIÃO DA VITÓRIA,deral,curitiba,Curitiba,conferir
4101051,PR,ANAHY,deral,cascavel,Cascavel,alta
4103024,PR,BOA ESPERANÇA DO IGUAÇU,deral,dois_vizinhos,Dois Vizinhos,conferir
4103057,PR,BOA VISTA DA APARECIDA,deral,cascavel,Cascavel,conferir
4103354,PR,BRAGANEY,deral,cascavel,Cascavel,alta
4104055,PR,CAMPO BONITO,deral,cascavel,Cascavel,alta
4104808,PR,CASCAVEL,deral,cascavel,Cascavel,alta
4105003,PR,CATANDUVAS,deral,cascavel,Cascavel,alta
4106308,PR,CORBÉLIA,deral,cascavel,Cascavel,alta
4106571,PR,CRUZEIRO DO IGUAÇU,deral,dois_vizinhos,Dois Vizinhos,conferir
4107546,PR,ESPIGÃO ALTO DO IGUAÇU,deral,laranjeiras_do_sul,Laranjeiras do Sul,conferir
4109302,PR,GUARANIAÇU,deral,cascavel,Cascavel,alta
4109757,PR,IBEMA,deral,cascavel,Cascavel,alta
4110052,PR,IGUATU,deral,cascavel,Cascavel,alta
4113452,PR,LINDOESTE,deral,cascavel,Cascavel,alta
4117255,PR,NOVA PRATA DO IGUAÇU,deral,cascavel,Cascavel,alta
4120903,PR,QUEDAS DO IGUAÇU,deral,cascavel,Cascavel,alta
4123006,PR,SALTO DO LONTRA,deral,cascavel,Cascavel,alta
4123824,PR,SANTA LÚCIA,deral,cascavel,Cascavel,alta
4125209,PR,SÃO JORGE D'OESTE,deral,cascavel,Cascavel,alta
4127858,PR,TRÊS BARRAS DO PARANÁ,deral,cascavel,Cascavel,alta
4101101,PR,ANDIRÁ,deral,jacarezinho,Jacarezinho,conferir
4101606,PR,ARAPOTI,deral,ponta_grossa,Ponta Grossa,conferir
4101903,PR,ASSAÍ,deral,cornelio_procopio,Cornélio Procópio,conferir
4102406,PR,BANDEIRANTES,deral,cornelio_procopio,Cornélio Procópio,conferir
4102703,PR,BARRA DO JACARÉ,deral,jacarezinho,Jacarezinho,conferir
4103602,PR,CAMBARÁ,deral,jacarezinho,Jacarezinho,alta
4104709,PR,CARLÓPOLIS,deral,jacarezinho,Jacarezinho,alta
4106001,PR,CONGONHINHAS,deral,cornelio_procopio,Cornélio Procópio,conferir
4106100,PR,CONSELHEIRO MAIRINCK,deral,jacarezinho,Jacarezinho,conferir
4106407,PR,CORNÉLIO PROCÓPIO,deral,cornelio_procopio,Cornélio Procópio,conferir
4107009,PR,CURIÚVA,deral,ponta_grossa,Ponta Grossa,conferir
4109005,PR,GUAPIRAMA,deral,jacarezinho,Jacarezinho,conferir
4109708,PR,IBAITI,deral,jacarezinho,Jacarezinho,conferir
4111001,PR,ITAMBARACÁ,deral,jacarezinho,Jacarezinho,conferir
4112009,PR,JAGUARIAÍVA,deral,ponta_grossa,Ponta Grossa,conferir
4112801,PR,JOAQUIM TÁVORA,deral,jacarezinho,Jacarezinho,alta
4113403,PR,LEÓPOLIS,deral,cornelio_procopio,Cornélio Procópio,conferir
4117008,PR,NOVA FÁTIMA,deral,cornelio_procopio,Cornélio Procópio,conferir
4117214,PR,NOVA SANTA BÁRBARA,deral,cornelio_procopio,Cornélio Procópio,conferir
4119400,PR,PIRAÍ DO SUL,deral,cornelio_procopio,Cornélio Procópio,conferir
4121307,PR,RANCHO ALEGRE,deral,cornelio_procopio,Cornélio Procópio,conferir
4121901,PR,RIBEIRÃO DO PINHAL,deral,cornelio_procopio,Cornélio Procópio,conferir
4123105,PR,SANTA AMÉLIA,deral,cornelio_procopio,Cornélio Procópio,conferir
4123204,PR,SANTA CECÍLIA DO PAVÃO,deral,cornelio_procopio,Cornélio Procópio,conferir
4123907,PR,SANTA MARIANA,deral,cornelio_procopio,Cornélio Procópio,conferir
4124004,PR,SANTANA DO ITARARÉ,deral,cornelio_procopio,Cornélio Procópio,conferir
4124103,PR,SANTO ANTÔNIO DA PLATINA,deral,cornelio_procopio,Cornélio Procópio,conferir
4124301,PR,SANTO ANTÔNIO DO PARAÍSO,deral,cornelio_procopio,Cornélio Procópio,conferir
4124707,PR,SÃO JERÔNIMO DA SERRA,deral,cornelio_procopio,Cornélio Procópio,conferir
4125407,PR,SÃO JOSÉ DA BOA VISTA,deral,cornelio_procopio,Cornélio Procópio,conferir
4126009,PR,SÃO SEBASTIÃO DA AMOREIRA,deral,cornelio_procopio,Cornélio Procópio,conferir
4126306,PR,SENGÉS,deral,cornelio_procopio,Cornélio Procópio,conferir
4126405,PR,SERTANEJA,deral,cornelio_procopio,Cornélio Procópio,conferir
4127502,PR,TIBAGI,deral,cornelio_procopio,Cornélio Procópio,conferir
4128401,PR,URAÍ,deral,cornelio_procopio,Cornélio Procópio,conferir
4128534,PR,VENTANIA,deral,cornelio_procopio,Cornélio Procópio,conferir
4128500,PR,WENCESLAU BRAZ,deral,cornelio_procopio,Cornélio Procópio,conferir
4103040,PR,BOA VENTURA DE SÃO ROQUE,deral,pitanga,Pitanga,conferir
4103958,PR,CAMPINA DO SIMÃO,deral,guarapuava,Guarapuava,conferir
4104428,PR,CANDÓI,deral,guarapuava,Guarapuava,alta
4104451,PR,CANTAGALO,deral,guarapuava,Guarapuava,conferir
4106803,PR,CRUZ MACHADO,deral,uniao_da_vitoria,União da Vitória,conferir
4108650,PR,GOIOXIM,deral,guarapuava,Guarapuava,alta
4109401,PR,GUARAPUAVA,deral,guarapuava,Guarapuava,alta
4110102,PR,IMBITUVA,deral,irati,Irati,conferir
4110706,PR,IRATI,deral,irati,Irati,alta
4113304,PR,LARANJEIRAS DO SUL,deral,laranjeiras_do_sul,Laranjeiras do Sul,alta
4115457,PR,MARQUINHO,deral,laranjeiras_do_sul,Laranjeiras do Sul,conferir
4117057,PR,NOVA LARANJEIRAS,deral,laranjeiras_do_sul,Laranjeiras do Sul,alta
4117800,PR,PALMITAL,deral,pitanga,Pitanga,conferir
4119301,PR,PINHÃO,deral,guarapuava,Guarapuava,alta
4119608,PR,PITANGA,deral,pitanga,Pitanga,alta
4120150,PR,PORTO BARREIRO,deral,laranjeiras_do_sul,Laranjeiras do Sul,conferir
4120606,PR,PRUDENTÓPOLIS,deral,guarapuava,Guarapuava,alta
4121752,PR,RESERVA DO IGUAÇU,deral,guarapuava,Guarapuava,alta
4122156,PR,RIO BONITO DO IGUAÇU,deral,guarapuava,Guarapuava,alta
4123857,PR,SANTA MARIA DO OESTE,deral,guarapuava,Guarapuava,alta
4127965,PR,TURVO,deral,guarapuava,Guarapuava,alta
4128658,PR,VIRMOND,deral,guarapuava,Guarapuava,alta
4100806,PR,ALVORADA DO SUL,deral,londrina,Londrina,alta
4101408,PR,APUCARANA,deral,apucarana,Apucarana,alta
4101507,PR,ARAPONGAS,deral,apucarana,Apucarana,alta
4102802,PR,BELA VISTA DO PARAÍSO,deral,londrina,Londrina,alta
4103701,PR,CAMBÉ,deral,londrina,Londrina,alta
4103800,PR,CAMBIRA,deral,apucarana,Apucarana,conferir
4105102,PR,CENTENÁRIO DO SUL,deral,londrina,Londrina,alta
4107603,PR,FAXINAL,deral,ivaipora,Ivaiporã,conferir
4108007,PR,FLORESTÓPOLIS,deral,londrina,Londrina,alta
4109807,PR,IBIPORÃ,deral,londrina,Londrina,alta
4111902,PR,JAGUAPITÃ,deral,londrina,Londrina,alta
4113700,PR,LONDRINA,deral,londrina,Londrina,alta
4113809,PR,LUPIONÓPOLIS,deral,londrina,Londrina,alta
4114906,PR,MARILÂNDIA DO SUL,deral,apucarana,Apucarana,conferir
4115754,PR,MAUÁ DA SERRA,deral,apucarana,Apucarana,conferir
4117305,PR,ORTIGUEIRA,deral,londrina,Londrina,alta
4119657,PR,PITANGUEIRAS,deral,londrina,Londrina,alta
4120002,PR,PORECATU,deral,londrina,Londrina,alta
4120333,PR,PRADO FERREIRA,deral,londrina,Londrina,alta
4120507,PR,PRIMEIRO DE MAIO,deral,londrina,Londrina,alta
4122404,PR,ROLÂNDIA,deral,londrina,Londrina,alta
4122701,PR,SABÁUDIA,deral,londrina,Londrina,alta
4123402,PR,SANTA FÉ,deral,londrina,Londrina,alta
4126504,PR,SERTANÓPOLIS,deral,londrina,Londrina,alta
4126678,PR,TAMARANA,deral,londrina,Londrina,alta
4101150,PR,ÂNGULO,deral,maringa,Maringá,conferir
4102109,PR,ASTORGA,deral,maringa,Maringá,conferir
4102208,PR,ATALAIA,deral,maringa,Maringá,conferir
4103206,PR,BOM SUCESSO,deral,apucarana,Apucarana,conferir
4105508,PR,CIANORTE,deral,cianorte,Cianorte,alta
4105904,PR,COLORADO,deral,maringa,Maringá,conferir
4107256,PR,DOURADINA,deral,umuarama,Umuarama,conferir
4107306,PR,DOUTOR CAMARGO,deral,maringa,Maringá,conferir
4107801,PR,FLORAÍ,deral,maringa,Maringá,conferir
4107900,PR,FLORESTA,deral,maringa,Maringá,conferir
4109906,PR,ICARAÍMA,deral,umuarama,Umuarama,conferir
4110003,PR,IGUARAÇU,deral,maringa,Maringá,conferir
4111100,PR,ITAMBÉ,deral,maringa,Maringá,conferir
4111605,PR,IVATUBA,deral,maringa,Maringá,conferir
4112108,PR,JANDAIA DO SUL,deral,apucarana,Apucarana,conferir
4112405,PR,JAPURÁ,deral,cianorte,Cianorte,conferir
4113007,PR,JUSSARA,deral,cianorte,Cianorte,conferir
4113106,PR,KALORÉ,deral,apucarana,Apucarana,conferir
4113502,PR,LOANDA,deral,paranavai,Paranavaí,conferir
4113601,PR,LOBATO,deral,maringa,Maringá,conferir
4114104,PR,MANDAGUAÇU,deral,maringa,Maringá,conferir
4114203,PR,MANDAGUARI,deral,maringa,Maringá,conferir
4114807,PR,MARIALVA,deral,maringa,Maringá,conferir
4115200,PR,MARINGÁ,deral,maringa,Maringá,conferir
4115507,PR,MARUMBI,deral,maringa,Maringá,conferir
4116901,PR,NOVA ESPERANÇA,deral,maringa,Maringá,conferir
4117107,PR,NOVA LONDRINA,deral,maringa,Maringá,conferir
4117297,PR,NOVO ITACOLOMI,deral,maringa,Maringá,conferir
4117404,PR,OURIZONA,deral,maringa,Maringá,conferir
4117503,PR,PAIÇANDU,deral,maringa,Maringá,conferir
4118006,PR,PARAÍSO DO NORTE,deral,maringa,Maringá,conferir
4118105,PR,PARANACITY,deral,maringa,Maringá,conferir
4118402,PR,PARANAVAÍ,deral,maringa,Maringá,conferir
4121000,PR,QUERÊNCIA DO NORTE,deral,maringa,Maringá,conferir
4122172,PR,RIO BRANCO DO IVAÍ,deral,maringa,Maringá,conferir
4122651,PR,ROSÁRIO DO IVAÍ,deral,maringa,Maringá,conferir
4123303,PR,SANTA CRUZ DE MONTE CASTELO,deral,maringa,Maringá,conferir
4123709,PR,SANTA ISABEL DO IVAÍ,deral,maringa,Maringá,conferir
4124608,PR,SÃO CARLOS DO IVAÍ,deral,maringa,Maringá,conferir
4125308,PR,SÃO JORGE DO IVAÍ,deral,maringa,Maringá,conferir
4125803,PR,SÃO PEDRO DO IVAÍ,deral,maringa,Maringá,conferir
4126256,PR,SARANDI,deral,maringa,Maringá,conferir
4126900,PR,TAPIRA,deral,maringa,Maringá,conferir
4127205,PR,TERRA BOA,deral,maringa,Maringá,conferir
4127304,PR,TERRA RICA,deral,maringa,Maringá,conferir
4100707,PR,ALTO PIQUIRI,deral,umuarama,Umuarama,alta
4100509,PR,ALTÔNIA,deral,umuarama,Umuarama,alta
4102000,PR,ASSIS CHATEAUBRIAND,deral,toledo,Toledo,conferir
4103370,PR,BRASILÂNDIA DO SUL,deral,umuarama,Umuarama,conferir
4103453,PR,CAFELÂNDIA,deral,cascavel,Cascavel,conferir
4106605,PR,CRUZEIRO DO OESTE,deral,umuarama,Umuarama,alta
4108205,PR,FORMOSA DO OESTE,deral,toledo,Toledo,conferir
4108320,PR,FRANCISCO ALVES,deral,umuarama,Umuarama,conferir
4108809,PR,GUAÍRA,deral,toledo,Toledo,conferir
4110607,PR,IPORÃ,deral,umuarama,Umuarama,alta
4110656,PR,IRACEMA DO OESTE,deral,toledo,Toledo,conferir
4112751,PR,JESUÍTAS,deral,toledo,Toledo,conferir
4114609,PR,MARECHAL CÂNDIDO RONDON,deral,toledo,Toledo,conferir
4115101,PR,MARILUZ,deral,toledo,Toledo,conferir
4115358,PR,MARIPÁ,deral,toledo,Toledo,conferir
4115853,PR,MERCEDES,deral,toledo,Toledo,conferir
4116703,PR,NOVA AURORA,deral,toledo,Toledo,conferir
4117222,PR,NOVA SANTA ROSA,deral,toledo,Toledo,conferir
4117909,PR,PALOTINA,deral,toledo,Toledo,conferir
4118907,PR,PÉROLA,deral,toledo,Toledo,conferir
4120853,PR,QUATRO PONTES,deral,toledo,Toledo,conferir
4127403,PR,TERRA ROXA,deral,toledo,Toledo,conferir
4127957,PR,TUPÃSSI,deral,toledo,Toledo,conferir
4128104,PR,UMUARAMA,deral,toledo,Toledo,conferir
4102604,PR,BARRACÃO,deral,francisco_beltrao,Francisco Beltrão,conferir
4103156,PR,BOM JESUS DO SUL,deral,francisco_beltrao,Francisco Beltrão,conferir
4103222,PR,BOM SUCESSO DO SUL,deral,pato_branco,Pato Branco,alta
4105409,PR,CHOPINZINHO,deral,pato_branco,Pato Branco,alta
4105706,PR,CLEVELÂNDIA,deral,pato_branco,Pato Branco,alta
4106456,PR,CORONEL DOMINGOS SOARES,deral,pato_branco,Pato Branco,alta
4106506,PR,CORONEL VIVIDA,deral,pato_branco,Pato Branco,alta
4107207,PR,DOIS VIZINHOS,deral,dois_vizinhos,Dois Vizinhos,alta
4107405,PR,ENÉAS MARQUES,deral,francisco_beltrao,Francisco Beltrão,alta
4107850,PR,FLOR DA SERRA DO SUL,deral,francisco_beltrao,Francisco Beltrão,conferir
4108403,PR,FRANCISCO BELTRÃO,deral,francisco_beltrao,Francisco Beltrão,alta
4109658,PR,HONÓRIO SERPA,deral,pato_branco,Pato Branco,alta
4111209,PR,ITAPEJARA D'OESTE,deral,pato_branco,Pato Branco,alta
4114401,PR,MANGUEIRINHA,deral,pato_branco,Pato Branco,alta
4115309,PR,MARIÓPOLIS,deral,pato_branco,Pato Branco,alta
4115408,PR,MARMELEIRO,deral,pato_branco,Pato Branco,alta
4116950,PR,NOVA ESPERANÇA DO SUDOESTE,deral,pato_branco,Pato Branco,alta
4117602,PR,PALMAS,deral,pato_branco,Pato Branco,alta
4118501,PR,PATO BRANCO,deral,pato_branco,Pato Branco,alta
4121604,PR,RENASCENÇA,deral,pato_branco,Pato Branco,alta
4124806,PR,SÃO JOÃO,deral,pato_branco,Pato Branco,alta
4126272,PR,SAUDADE DO IGUAÇU,deral,pato_branco,Pato Branco,alta
4126652,PR,SULINA,deral,pato_branco,Pato Branco,alta
4128609,PR,VERÊ,deral,pato_branco,Pato Branco,alta
4128708,PR,VITORINO,deral,pato_branco,Pato Branco,alta
4104204,PR,CAMPO LARGO,deral,curitiba,Curitiba,conferir
4104253,PR,CAMPO MAGRO,deral,curitiba,Curitiba,alta
4104659,PR,CARAMBEÍ,deral,ponta_grossa,Ponta Grossa,alta
4104907,PR,CASTRO,deral,ponta_grossa,Ponta Grossa,alta
4110078,PR,IMBAÚ,deral,ponta_grossa,Ponta Grossa,alta
4110508,PR,IPIRANGA,deral,irati,Irati,conferir
4111407,PR,IVAÍ,deral,irati,Irati,conferir
4117701,PR,PALMEIRA,deral,ponta_grossa,Ponta Grossa,alta
4119905,PR,PONTA GROSSA,deral,ponta_grossa,Ponta Grossa,alta
4121703,PR,RESERVA,deral,ponta_grossa,Ponta Grossa,alta
4127007,PR,TEIXEIRA SOARES,deral,irati,Irati,conferir
4101002,PR,AMPÉRE,deral,francisco_beltrao,Francisco Beltrão,conferir
4102752,PR,BELA VISTA DA CAROBA,deral,francisco_beltrao,Francisco Beltrão,conferir
4104501,PR,CAPANEMA,deral,francisco_beltrao,Francisco Beltrão,conferir
4104600,PR,CAPITÃO LEÔNIDAS MARQUES,deral,cascavel,Cascavel,conferir
4105300,PR,CÉU AZUL,deral,cascavel,Cascavel,conferir
4107157,PR,DIAMANTE D'OESTE,deral,toledo,Toledo,conferir
4107538,PR,ENTRE RIOS DO OESTE,deral,toledo,Toledo,conferir
4108304,PR,FOZ DO IGUAÇU,deral,cascavel,Cascavel,conferir
4110953,PR,ITAIPULÂNDIA,deral,cascavel,Cascavel,conferir
4115606,PR,MATELÂNDIA,deral,cascavel,Cascavel,conferir
4115804,PR,MEDIANEIRA,deral,cascavel,Cascavel,conferir
4116059,PR,MISSAL,deral,cascavel,Cascavel,conferir
4117453,PR,OURO VERDE DO OESTE,deral,toledo,Toledo,conferir
4118451,PR,PATO BRAGADO,deral,toledo,Toledo,conferir
4119004,PR,PÉROLA D'OESTE,deral,francisco_beltrao,Francisco Beltrão,conferir
4119251,PR,PINHAL DE SÃO BENTO,deral,toledo,Toledo,conferir
4119806,PR,PLANALTO,deral,francisco_beltrao,Francisco Beltrão,conferir
4120358,PR,PRANCHITA,deral,toledo,Toledo,conferir
4121257,PR,RAMILÂNDIA,deral,toledo,Toledo,conferir
4121406,PR,REALEZA,deral,francisco_beltrao,Francisco Beltrão,conferir
4123501,PR,SANTA HELENA,deral,toledo,Toledo,conferir
4123808,PR,SANTA IZABEL DO OESTE,deral,francisco_beltrao,Francisco Beltrão,conferir
4124020,PR,SANTA TEREZA DO OESTE,deral,toledo,Toledo,conferir
4124053,PR,SANTA TEREZINHA DE ITAIPU,deral,cascavel,Cascavel,conferir
4124400,PR,SANTO ANTÔNIO DO SUDOESTE,deral,toledo,Toledo,conferir
4125456,PR,SÃO JOSÉ DAS PALMEIRAS,deral,toledo,Toledo,conferir
4125704,PR,SÃO MIGUEL DO IGUAÇU,deral,cascavel,Cascavel,conferir
4125753,PR,SÃO PEDRO DO IGUAÇU,deral,toledo,Toledo,conferir
4126355,PR,SERRANÓPOLIS DO IGUAÇU,deral,cascavel,Cascavel,conferir
4127700,PR,TOLEDO,deral,toledo,Toledo,conferir
4128559,PR,VERA CRUZ DO OESTE,deral,toledo,Toledo,conferir
